<?xml version="1.0" encoding="UTF-8"?>
<beans xmlns="http://www.springframework.org/schema/beans"
	xmlns:xsi="http://www.w3.org/2001/XMLSchema-instance"	 xmlns:context="http://www.springframework.org/schema/context"
xmlns:p="http://www.springframework.org/schema/p"
xmlns:util="http://www.springframework.org/schema/util"
	xsi:schemaLocation="http://www.springframework.org/schema/beans http://www.springframework.org/schema/beans/spring-beans-3.0.xsd
	http://www.springframework.org/schema/context http://www.springframework.org/schema/context/spring-context-3.0.xsd
	http://www.springframework.org/schema/util
	http://www.springframework.org/schema/util/spring-util-3.0.xsd
	">
	 <context:annotation-config/>
<!-- standalone list	 -->
<util:list list-class="java.util.LinkedList"  id="mybestfriends">
<value>Aman</value>
<value>Ram</value>
<value>Shyam</value>
<value>Jam</value>
 

</util:list>

<!-- standalone map -->
<util:map  map-class="java.util.HashMap" id="fees1">

<entry key="core Java" value="8000" />
<entry key="adv Java" value="9000" />
<entry key="python" value="10000" />
<entry key="springboot" value="11000" />

</util:map>

<!-- standalone properties -->
<util:properties id="dbconfig">
<prop key ="driver">com.mysql.jdbc.Driver</prop>
<prop key ="username">vishal123</prop>
<prop key ="password">123456</prop>

</util:properties>



<bean  class="com.springcore.standalone.collection.Person" name="person1">
<property name="friends" ref="mybestfriends" />
<property name="fess" ref="fees1" />
<property name="prop" ref="dbconfig" />
</bean>

	 
	 </beans>