<!-- <?xml version="1.0" encoding="UTF-8"?>
<beans xmlns="http://www.springframework.org/schema/beans"
	xmlns:xsi="http://www.w3.org/2001/XMLSchema-instance"	 xmlns:context="http://www.springframework.org/schema/context"
xmlns:p="http://www.springframework.org/schema/p"
	xsi:schemaLocation="http://www.springframework.org/schema/beans http://www.springframework.org/schema/beans/spring-beans-3.0.xsd
	http://www.springframework.org/schema/context http://www.springframework.org/schema/context/spring-context-3.0.xsd">
	 <context:annotation-config/>
	 <bean class="org.springframework.jdbc.datasource.DriverManagerDataSource" name="ds">
	 <property name="driverClassName" value="com.mysql.cj.jdbc.Driver"></property>
	<property name="url" value="jdbc:mysql://localhost:3306/newspringjdbc"></property>
	 <property name="username" value="root"></property>
  		<property name="password" value="Vishal@1996"></property>
	 
	 </bean>
	 <bean class="org.springframework.jdbc.core.JdbcTemplate" name="jdbcTemplate" p:dataSource-ref="ds" />
	 
	 <bean class="com.spring.jdbc.dao.StudentDaoImpl" name="studentDao">
	 <property name="jdbcTemplate" ref="jdbcTemplate"></property>
	 
	 
	 </bean>
	 </beans> -->