<?xml version="1.0" encoding="UTF-8"?>
<beans xmlns="http://www.springframework.org/schema/beans"
	xmlns:xsi="http://www.w3.org/2001/XMLSchema-instance"	 xmlns:context="http://www.springframework.org/schema/context"
xmlns:p="http://www.springframework.org/schema/p"
	xsi:schemaLocation="http://www.springframework.org/schema/beans http://www.springframework.org/schema/beans/spring-beans-3.0.xsd
	http://www.springframework.org/schema/context http://www.springframework.org/schema/context/spring-context-3.0.xsd">
	 <context:annotation-config/>

	 <bean  class="com.springcore.auto.wire.anotation.Address" name="address1">  
	 <property name="street" value="Temp street" />
	 <property name="city" value="wardha" />
	 </bean>
	 
	  <bean  class="com.springcore.auto.wire.anotation.Address" name="address2">  
	 <property name="street" value="Second Street" />
	 <property name="city" value="Nagpur" />
	 </bean>
	 
	<bean class=" com.springcore.auto.wire.anotation.Employee"  name="emp1"></bean> 
	 </beans>