<?xml version="1.0" encoding="UTF-8"?>
<beans xmlns="http://www.springframework.org/schema/beans"
	xmlns:xsi="http://www.w3.org/2001/XMLSchema-instance"	 xmlns:context="http://www.springframework.org/schema/context"
xmlns:p="http://www.springframework.org/schema/p"
	xsi:schemaLocation="http://www.springframework.org/schema/beans http://www.springframework.org/schema/beans/spring-beans-3.0.xsd
	http://www.springframework.org/schema/context http://www.springframework.org/schema/context/spring-context-3.0.xsd">
	<!--  <context:annotation-config/> -->

	<!--  <bean  class="com.springcore.auto.wire.Address" name="address"> --> <!-- for byName --> 
	 <bean  class="com.springcore.auto.wire.Address" name="address1">  <!-- for byType --> 
	 <property name="street" value="Temp street" />
	 <property name="city" value="wardha" />
	 </bean>
	
	<!-- <bean class=" com.springcore.auto.wire.Employee"  name="emp1" autowire="byName"></bean> -->
	<!-- <bean class=" com.springcore.auto.wire.Employee"  name="emp1" autowire="byType"></bean>   byType check only type and finding addresss if get Address any where it will,gives output -->
	<bean class=" com.springcore.auto.wire.Employee"  name="emp1" autowire="constructor"></bean> 
	 </beans>