<?xml version="1.0" encoding="UTF-8"?>
<beans xmlns="http://www.springframework.org/schema/beans"
	xmlns:xsi="http://www.w3.org/2001/XMLSchema-instance"
	xmlns:context="http://www.springframework.org/schema/context"
	xmlns:p="http://www.springframework.org/schema/p"
	xmlns:tx="http://www.springframework.org/schema/tx"
	xsi:schemaLocation="http://www.springframework.org/schema/beans 
	http://www.springframework.org/schema/beans/spring-beans-3.0.xsd
	http://www.springframework.org/schema/context
	http://www.springframework.org/schema/context/spring-context-3.0.xsd
	
	http://www.springframework.org/schema/tx
	http://www.springframework.org/schema/tx/spring-tx-3.0.xsd">
	
	<tx:annotation-driven/>
	<context:component-scan base-package="springmvc" />
	<bean
		class="org.springframework.web.servlet.view.InternalResourceViewResolver" name="viewResolver">

		<property name="prefix" value="/WEB-INF/views/" />
		<property name="suffix" value=".jsp" />
	</bean>

    <bean class="org.springframework.orm.hibernate5.LocalSessionFactoryBean" name="factory">
		<property name="dataSource" ref="ds"></property>
		<!-- HIBERNATE PROPERTIES -->
		<property name="hibernateProperties">
			<props>
				<prop key="hibernate.dialect">org.hibernate.dialect.MySQL8Dialect</prop>
				<prop key="hibernate.hbm2ddl.auto">update</prop>
				<prop key="hibernate.show_sql">true</prop>
			</props>
		</property>
		<!-- ANNOTEDED CLASSES -->
		<property name="annotatedClasses">
			<list>
				<value>springmvc.model.User</value>

			</list>
		</property>
	</bean>


	<bean 
		class="org.springframework.jdbc.datasource.DriverManagerDataSource" name="ds">
		<property name="driverClassName"
			value="com.mysql.cj.jdbc.Driver"></property>
		<property name="url" value="jdbc:mysql://localhost:3306/springmvc"></property>
		<property name="username" value="root"></property>
		<property name="password" value="Vishal@1996"></property>
	</bean>


	<bean class="org.springframework.orm.hibernate5.HibernateTemplate"
		name="hibernateTemplate">
		<property name="sessionFactory" ref="factory"></property>

	</bean>


	<bean class="org.springframework.orm.hibernate5.HibernateTransactionManager"  name="transactionManager">
	<property name="sessionFactory"  ref="factory"></property>
	
	</bean>

	

</beans>