<?xml version="1.0" encoding="UTF-8"?>
<beans xmlns="http://www.springframework.org/schema/beans"
	xmlns:xsi="http://www.w3.org/2001/XMLSchema-instance"	 xmlns:context="http://www.springframework.org/schema/context"
xmlns:p="http://www.springframework.org/schema/p"
xmlns:c="http://www.springframework.org/schema/c"
	xsi:schemaLocation="http://www.springframework.org/schema/beans http://www.springframework.org/schema/beans/spring-beans-3.0.xsd
	http://www.springframework.org/schema/context http://www.springframework.org/schema/context/spring-context-3.0.xsd">
	 <context:annotation-config/>
	<bean class="com.springcore.ci.Certi"  name="cer" c:name="Android Lang Cerification" >
	<!-- <constructor-arg value="Android Lang Cerification" /> -->
	
	</bean>
	<bean class="com.springcore.ci.Person" name="person">
	<constructor-arg value="Vishal"/>
	<constructor-arg value="12" type="int"/>
	<constructor-arg ref="cer"/>
	
	</bean>
	
	<bean class="com.springcore.ci.Addition"  name="add">
	
	<constructor-arg value="12" type="int" index="1" />
	
	<constructor-arg value="34" type="int"  index="0"/>
	
	
	</bean>
	 </beans>